Songsname,Pitch_Mean,Pitch_SD,Length,Time_Signature,DB_Value,Tempo,Acousticness,Danceability,Energy,Instrumentalness,Liveness,Loudness,Speechiness,Valence,Camelot
NAL BIRINAR PAT.mp3,2046.508113,673.6760372,460.2849792,4,1.340141594,95.33898305,0.007073043,0.256119246,0.18436715,-1.52E-05,2142.601122,-154.59798,2.7688522,-9.448357,1B
Aghunor Potharot.mp3,2562.326321,799.1434911,299.5089792,4,4.682235718,83.95522388,0.008448317,0.244435767,0.333122,3.70E-05,2793.005511,-82.97128,6.405236,10.41906,2B
KIBA KHANG UTHILE.mp3,3122.065313,975.6563671,406.1649792,4,1.949193776,87.890625,0.005989193,0.247815811,0.18792121,1.45E-05,2922.708987,-132.46872,2.201797,-17.321278,2B
NEW BIHU SONG.mp3,2920.94102,977.9590992,415.3569792,3,3.505443633,119.6808511,0.000560451,0.193771566,0.2721065,5.20E-06,3387.012411,-107.68077,3.954782,1.7010659,6B
Chal Champa Chal.mp3,2594.126979,884.9265146,428.8449792,4,-1.215529591,130.8139535,8.16E-05,0.236317476,0.10304749,-7.73E-06,2687.401938,-216.95714,-4.9624524,-37.675514,11B
Akashot Urile Akashi Jaan.mp3,2237.576236,704.5654372,339.9969792,3,1.900548935,160.7142857,0.000502723,0.228204433,0.18303478,1.88E-05,2353.249033,-147.7933,-0.24181148,-8.168011,9B
ALOHI HOI AHIM.mp3,2515.92219,786.1890238,329.3409792,4,0.493743308,86.53846154,0.006026338,0.206577753,0.14858206,1.05E-05,2516.325207,-162.26747,-1.14255,-16.752043,2B
ALOXUWA MOROM BURE.mp3,1790.661254,489.8836942,596.9169792,3,3.181669712,110.2941177,0.003388426,0.202946999,0.2390298,1.32E-05,1803.596838,-151.99846,-1.4725091,-5.0741677,6B
assamese bihu.mp3,2411.840567,827.940014,1066.116979,3,3.349870741,100.4464286,0.00370916,0.220550779,0.18361521,1.04E-05,2406.048612,-152.41847,-1.8044779,-16.053225,11B
ROHARE OI ROHEDOI.mp3,2308.435054,863.6269077,322.0449792,3,1.819998324,106.1320755,0.005366794,0.210673532,0.22774363,-6.52E-06,2393.349762,-146.80167,1.1870131,-10.326249,1B
Sagor Khon Hukuabo.mp3,2103.638668,721.2988927,366.1329792,4,-0.645289198,86.53846154,0.004122458,0.221428897,0.1654203,1.46E-05,2147.47908,-181.10043,-0.2563273,-19.149412,12B
Sagoror Pani.mp3,2168.123834,818.8070094,401.6049792,4,1.015090048,81.52173913,2.01E-05,0.229823588,0.17996581,7.37E-06,2308.300034,-172.95438,-3.523599,-17.001835,1B
SAITHAKUNG SAITHAKUNG LAGE.mp3,2756.968387,1450.149636,341.1969792,4,3.855289817,125,0.004799417,0.227801484,0.30349544,6.55E-05,3054.855118,-94.40606,6.874678,11.116816,3B
Sasoni new bihu.mp3,2328.659251,554.7063223,296.8929792,3,3.101926446,102.2727273,7.34E-05,0.242618177,0.30351695,-2.10E-05,2276.995984,-95.55813,6.2342567,5.512088,11B
SEKSEKI PORUA.mp3,2667.753099,936.4879226,372.1569792,3,3.773398697,82.72058824,1.20E-05,0.229970105,0.2815779,7.10E-06,2950.210214,-103.18348,5.334932,4.045438,12B
Sokute Logakoi.mp3,2816.627167,894.2265648,309.9249792,4,5.847740769,86.53846154,9.36E-05,0.237759412,0.31929466,-1.95E-05,2613.342478,-78.690315,5.185249,4.5161586,11B
Sokuwe Morom Dekha Hole.mp3,2856.960606,867.1913529,335.7489792,4,4.318064153,92.21311475,1.38E-05,0.246597748,0.26627573,-1.16E-05,2969.1009,-103.34294,5.8091164,0.21865006,2B
Sorai Ure Ure.mp3,2264.042297,882.7399401,272.3889792,3,-0.296374913,100.4464286,0.000551182,0.203270798,0.10478471,3.34E-05,2436.293537,-211.53091,-4.86236,-29.830387,4B
Sui dile suwalia jap mari dia.mp3,2862.805543,1015.070338,240.0369792,3,3.024434447,119.6808511,0.004189791,0.264983814,0.275318,3.35E-05,2660.591198,-96.27329,0.91440773,-0.9696929,10B
Assamese old.mp3,2451.601888,906.5846321,265.96678,3,1.022315919,99.38401442,0.001277711,0.179784513,0.15968516,1.27E-05,2697.304666,-158.7206,-1.5106773,-13.33995,4B
SUI SANG SUI SANG.mp3,2701.826081,986.7617682,331.8369792,3,3.449210227,95.33898305,0.000214643,0.221571704,0.29765177,-4.51E-06,3029.749162,-90.523056,6.3828216,8.792432,2B
TUMAR BIYAR DINAKHON.mp3,2280.839759,827.7352228,247.1649792,3,3.068520129,92.21311475,0.008197194,0.169472971,0.18327342,4.68E-05,2273.49678,-153.2205,-0.36017603,-13.5723505,2B
TUMI ANOR JODI.mp3,2345.206213,884.7925877,234.9729792,3,3.861277699,98.68421053,0.001237611,0.19369298,0.16877168,-1.91E-05,2366.883432,-153.90865,0.7317209,-11.139156,11B
Tumi Nasoni Atiya je Gabhoru.mp3,1583.227439,465.8272678,307.1889792,4,2.350255251,95.33898305,0.000909694,0.236544093,0.25212085,-1.43E-06,1677.707725,-156.8256,2.9182959,-0.3609146,1B
Tumi Nasoni Atiye Je Gabhoru.mp3,2620.362171,729.3791017,404.5089792,3,7.94282496,104.1666667,0.000193714,0.248329937,0.4793139,-7.45E-06,2733.949161,-29.20355,1.7914115,23.653961,1B
Uttar Lakhimpur Dibrugarh.mp3,2321.540807,1163.43971,308.3649792,4,4.016926885,89.28571429,0.031122481,0.187638167,0.26738346,4.81E-05,2709.390945,-140.09926,1.9446224,-6.629661,3B
VABISU EIBAR.mp3,2142.076019,866.4395474,274.6209792,4,1.271599084,127.8409091,0.00073681,0.206686195,0.18408023,-1.40E-05,2190.512327,-165.96812,-2.2330549,-12.314183,2B
Xose Kotha Kole.mp3,2643.846548,902.2234417,326.6529792,3,0.729877055,96.98275862,0.000974616,0.216549285,0.18745765,-1.70E-05,2558.444352,-141.28307,0.44423488,-13.793913,1B
Xoujak Jen Gabhoru.mp3,2852.943065,926.7315614,302.0289792,3,1.873227209,98.68421053,0.001428697,0.237449076,0.23094614,-7.32E-06,2672.229649,-114.93218,2.2642658,-4.824806,1B
XUNJONI NUXUDIBA.mp3,2324.078975,673.4881764,336.6369792,4,2.070144117,137.195122,0.000116171,0.200487131,0.17736498,2.94E-05,2438.549373,-154.7085,0.24577066,-11.7791195,3B
Assamese Old Hit Bihu Song.mp3,1979.644409,705.3913162,330.3847392,4,2.091050744,92.28515625,0.00695132,0.167143104,0.19576082,-0.000686583,2141.935883,-197.46371,-7.1813445,-31.433542,1B
Zubeen Garg Bihu Hit Song.mp3,2253.686197,891.2738162,407.6049792,4,4.156366885,130.8139535,0.004986959,0.213346775,0.23960304,-2.89E-05,2261.832122,-132.9919,1.4015423,-4.3427744,1B
JIBONOT MOI EBAR HE JAAN.mp3,1938.971746,564.3022937,398.0049792,4,3.216923177,93.75,0.028451297,0.238884685,0.2104393,-1.32E-06,1755.434434,-156.73694,-4.9601917,-13.997128,12B
DUKHIYA HOI JONOM.mp3,2308.691931,666.1979699,277.1169792,4,4.472231865,90.72580645,0.036554787,0.239676508,0.30340952,-1.15E-06,1991.903236,-130.15192,1.6553565,-8.818904,11B
Mayongor bejali.mp3,2200.173532,765.4055113,308.7489792,3,5.737480521,216.3461539,0.017907867,0.202154923,0.32434222,-3.55E-07,2168.31264,-112.18519,3.2655072,0.24259792,1B
ASSAMESE SONG.mp3,2527.165768,966.2505769,323.9889792,3,5.593521595,102.2727273,0.008864592,0.208642383,0.30570957,-8.86E-06,2530.063602,-124.6447,1.7019851,-6.7615786,3B
Atula Xunere.mp3,1918.986472,832.7436454,352.9809792,3,2.974087,104.1666667,0.051858913,0.211151823,0.25643358,-2.45E-05,2045.67105,-146.92882,2.80943,-8.633948,9B
Beautiful Bihu Song By Zubeen Garg.mp3,1881.076534,581.1570813,338.4129792,3,-0.432841145,98.68421053,0.007226278,0.23774294,0.18730138,1.78E-05,1868.35528,-166.84494,-1.3823844,-11.853397,10B
BEKA BEKIKOI SAAI.mp3,2118.302069,765.1526748,301.6449792,4,-0.202624351,86.53846154,0.000147976,0.186069636,0.13947096,-1.09E-05,1989.154861,-192.16603,-3.7137492,-23.97732,3B
Bhal Paboloi.mp3,3426.753349,1236.200225,300.3249792,3,2.595201433,95.33898305,0.002562301,0.201430905,0.2106873,-1.50E-05,3734.739352,-122.27997,0.74530107,-9.643168,1B
BHAL PAU MOI.mp3,2442.72042,1072.674054,571.1409792,4,4.187248945,96.98275862,0.050643206,0.216359146,0.20817584,8.96E-06,2371.477764,-156.53339,-5.437041,-20.062683,2B
BHEKULIR BIHU.mp3,2281.752923,1025.299947,416.8929792,4,3.90791744,125,0.04558422,0.238330306,0.2547852,3.06E-05,2506.683435,-147.1639,1.3341576,-13.155229,12B
Bhori Pisal Khale_Moromjaan.mp3,2497.58182,915.4069618,403.7169792,4,-0.665831491,89.28571429,3.49E-05,0.262714872,0.21657562,-1.28E-05,2426.249804,-127.682816,2.0196867,-4.815348,1B
BIHUTE NASIBOR MON.mp3,2556.394267,1247.971535,2692.932979,3,0.809693113,96.98275862,0.000146679,0.229363866,0.12928145,-8.47E-06,2771.795524,-182.01764,-1.309792,-16.22221,12B
BIJULI MARILE CHIRING.mp3,2559.35641,548.8390857,363.7089792,3,-6.189888716,110.2941177,0.004545292,0.218332176,0.09887869,2.98E-08,2478.412397,-223.08139,-10.091719,-50.38093,2B
Bohage Anile Jana.mp3,2018.200661,686.9493264,279.0849792,3,2.479853183,98.68421053,0.006118571,0.255263507,0.21199238,0.000135619,2193.074578,-151.75793,-1.0093125,-7.330615,2B
Bohutor Majot.mp3,2189.605377,709.8449521,503.3937188,3,-3.728906512,93.96306818,0.004321006,0.19806966,0.09169092,1.04E-08,2242.784417,-237.76497,-11.032017,-43.128574,12B
Borokha Potharot.mp3,2910.431133,1118.234036,300.4209792,4,1.336825639,82.72058824,0.003473735,0.236158888,0.16251683,1.16E-05,3082.185934,-164.77481,0.36444646,-17.529251,3B
Borolin Aspolin.mp3,2297.363928,672.3847706,379.0929792,3,4.922168553,96.98275862,9.61E-06,0.207601651,0.25898904,1.78E-06,2284.064431,-115.45022,2.8286307,0.22344726,11B
Chal Gori.mp3,2568.037584,1052.700369,278.3169792,4,7.922676802,125,0.000529359,0.191549555,0.39370757,2.18E-05,2730.334963,-80.754295,5.931554,12.113448,10B
Champadoi.mp3,2214.149817,721.8147181,314.9889792,4,4.406629801,90.72580645,0.013331997,0.23819912,0.33305797,1.99E-05,2334.33229,-102.90143,3.9760365,4.2406936,1B
Chintamani.mp3,2699.306626,786.3348099,426.1329792,4,1.619164646,90.72580645,0.000354923,0.273246393,0.28205124,-2.22E-06,2590.673426,-113.02529,1.0562078,-8.548819,2B
Chokuwe Kotha Kole.mp3,2600.920519,714.6137371,346.2849792,3,-2.543711364,104.1666667,0.000566814,0.23869451,0.13153957,-1.57E-05,2559.734691,-178.33081,-1.8170726,-25.615166,2B
DEHEI JOUBONMOTI.mp3,2880.312596,1396.894308,363.1809792,3,0.768640041,100.4464286,0.000486471,0.162263296,0.12621768,-1.02E-05,3561.904211,-180.05101,-0.90117043,-14.717672,12B
DHEKIA SAKERE.mp3,2569.093333,1058.594351,258.3729792,3,2.615519166,100.4464286,0.003225182,0.225223809,0.1983414,9.41E-07,3041.876617,-152.61258,3.674703,-7.145141,1B
Dikrong Nodi.mp3,2549.1868,996.140433,382.4049792,3,6.597114205,95.33898305,3.34E-05,0.234299941,0.37172705,-3.31E-05,2600.222904,-80.99253,5.441932,12.907299,10B
Fagunar Molaya.mp3,2953.144314,1066.050136,342.7089792,3,4.262610376,100.4464286,6.84E-05,0.231507817,0.27511907,-1.68E-05,2848.258353,-101.18818,5.7425866,0.48110676,11B
faguni polakhor.mp3,2243.898407,863.6499464,283.9329792,3,6.176399589,75,0.0005143,0.234496295,0.32320806,4.45E-06,2345.942601,-109.75294,1.1314491,5.2477875,3B
fati gola dusati bah kune jura.mp3,1995.89839,718.1474523,307.4529792,3,1.552873552,104.1666667,0.017780077,0.21285281,0.18510537,6.24E-05,2035.103736,-170.64561,-2.2262414,-15.615748,5B
Folk Dance.mp3,2797.009627,1056.240309,188.8689792,4,2.152651697,82.72058824,0.00314293,0.246788599,0.19004226,6.35E-06,3049.012199,-149.8471,1.7624925,-10.876446,3B
GAMUSARE BHAJOTE.mp3,2324.20415,1205.419621,147.3009792,3,7.075755,86.53846154,0.001902952,0.215391764,0.31969395,-6.95E-05,2763.635855,-135.45444,4.8147216,-1.1678734,3B
Garu Garite Uthiloi.mp3,2575.560119,1158.345178,285.9729792,3,6.946200728,100.4464286,5.30E-05,0.23687788,0.36912686,-5.10E-05,2674.881035,-89.435295,3.4542913,10.102934,7B
GORU SORAISILU.mp3,2412.788886,912.6875194,310.4769792,4,1.024951786,77.05479452,0.006518764,0.19970976,0.123720266,2.06E-06,2234.773116,-180.6017,-2.6579175,-24.28996,12B
GOSE BONE PAATE.mp3,2279.465174,818.6375103,252.6849792,3,4.757256508,110.2941177,0.000126472,0.172265383,0.21067603,6.30E-05,2254.749772,-140.30272,1.9539466,-8.745919,1B
Gose kobo hudhile.mp3,2393.366272,850.4541145,354.051678,3,2.24737376,95.703125,0.04460877,0.233016468,0.30140412,-7.44E-06,2556.304137,-101.34947,3.650438,2.222249,10B
Hatore Anguli.mp3,2424.277783,1204.940429,307.6929792,3,5.188832879,112.5,0.060385548,0.162726219,0.2848329,8.51E-05,2683.202681,-124.81182,4.36318,-5.9491677,9B
Haturibo pari buli.mp3,1928.363283,591.8512413,348.1089792,4,8.090838194,95.33898305,0.000707823,0.244283482,0.35610455,4.42E-06,1959.726069,-105.54909,1.647245,8.786321,2B
Honda City.mp3,1907.637411,694.4285955,257.0529792,3,3.636634648,86.53846154,0.000125605,0.198550146,0.28802696,3.76E-05,2350.020405,-128.10762,5.217534,6.2335386,4B
Hunjoni Tumak Bhal.mp3,2662.90314,1079.077988,417.4929792,3,2.848778665,100.4464286,0.000258609,0.209968183,0.25029308,-4.48E-06,2625.976284,-116.54553,1.8960447,-3.549316,2B
HUNTORA.mp3,3079.346346,1240.953539,257.7729792,4,4.6848014,140.625,0.002483602,0.155633074,0.23524562,5.94E-06,3446.033617,-132.51901,3.1358593,-6.810884,1B
JAANMONI GUNA GOTHA.mp3,2357.88852,788.1235331,315.6129792,3,2.380235791,92.21311475,1.43E-06,0.238199429,0.26349324,-1.45E-05,2466.937287,-114.538155,4.6658745,3.2176442,12B
JAAPE DIM DISANGOT.mp3,2455.012515,907.2946517,366.2529792,3,5.894542336,95.33898305,0.010145882,0.228206526,0.34833026,3.80E-05,2847.398481,-94.29562,5.217306,10.686415,3B
Jape Dim Dishangot.mp3,2211.392964,1026.096319,246.3729792,4,3.058986962,125,0.000465221,0.2069552,0.23837268,4.05E-05,2623.489235,-132.92703,4.6599936,2.1209729,1B
Ji Dukhan Hatere.mp3,2319.105331,843.4271084,606.4929792,3,0.198378041,108.1730769,0.00334126,0.203019,0.13410522,1.16E-06,2188.545657,-184.78406,-3.7819636,-24.613152,9B
JIBON JAJI NOI.mp3,2131.137647,786.871456,587.9649792,3,0.69560945,102.2727273,0.003449385,0.199376547,0.16940393,1.91E-06,2258.808212,-166.62973,0.69267726,-12.734462,12B
Jibon Kosupator.mp3,2571.567943,841.0024237,321.5649792,3,4.955316782,90.72580645,4.11E-05,0.234645827,0.33977142,4.22E-05,2593.437048,-89.41591,5.633641,6.069674,12B
Jodi morom nasil.mp3,2330.905761,902.5000794,309.8769792,3,3.788511455,92.21311475,0.001339187,0.218841472,0.29399583,-2.22E-05,2458.504232,-125.26749,2.0963159,-3.2048624,11B
joubonote prem hoi.mp3,2105.90969,578.7750887,290.7729792,4,2.203279883,92.21311475,9.38E-07,0.237839561,0.2312629,-3.78E-05,2185.618214,-136.51013,0.6219935,-6.545355,2B
Kolia Daoure Ii.mp3,2419.836093,787.2599356,280.4769792,3,0.302680489,87.890625,1.57E-05,0.155325735,0.19884408,-6.10E-05,2694.072094,-131.65996,2.4017613,-5.9139853,3B
Junbai.mp3,1838.652822,754.5481253,210.4449792,3,6.531251073,98.68421053,0.02397502,0.188005018,0.25102106,-0.00013469,1974.620218,-151.4364,1.199834,-6.144259,2B
JUNBAI AI.mp3,2108.196049,752.896538,293.0529792,3,-3.150818944,102.2727273,0.020854654,0.220953267,0.11313362,-5.50E-07,2000.392691,-226.56557,-5.1469316,-36.217472,1B
KAHILI PUWATE.mp3,2508.664764,852.0723864,261.7329792,3,3.82730037,95.33898305,4.24E-06,0.19781533,0.20569606,9.67E-06,2516.928003,-131.38551,2.4624705,-8.121243,11B
Kasi Doliwali.mp3,2264.855086,809.8420426,346.6929792,3,1.767416,93.75,0.005975379,0.22465659,0.19496289,-4.91E-06,2321.17035,-148.92982,0.7386956,-9.166991,3B
KASOI KONI PARE.mp3,2617.740186,1037.386519,278.0049792,4,0.697714686,130.8139535,0.0197613,0.204754378,0.16328171,9.26E-06,2566.544586,-167.08328,-1.6011008,-20.406294,2B
KINU SAWONIRE.mp3,2106.911455,733.6579385,299.0529792,4,1.477513462,82.72058824,8.39E-05,0.24179047,0.2611572,-3.14E-06,2230.072336,-127.12129,4.694538,0.8072658,11B
KOLIA DAORE JUNBAI.mp3,2159.524292,713.7071652,279.3729792,3,2.215829641,87.890625,0.000152301,0.191084657,0.201494,-7.16E-05,2190.10171,-141.47299,2.197881,-6.3278675,3B
Koliya Dawre.mp3,2177.649169,717.9181586,282.4929792,3,3.661235571,87.890625,0.003063812,0.200650321,0.2287636,-8.13E-05,2185.97159,-128.858,2.9871933,-2.746778,3B
KONG SENG.mp3,2248.173281,1154.621638,354.7569792,3,4.987390041,92.21311475,0.07808577,0.1998598,0.2355011,3.13E-05,2252.53319,-149.06485,1.7508423,-15.537312,12B
Kune Bujibo.mp3,2286.008579,920.7184038,353.9889792,4,1.928343028,140.625,0.000583622,0.229153277,0.2589048,4.82E-05,2348.778463,-135.63065,1.8777908,-6.876977,12B
Lajuki Mon.mp3,2192.578778,793.7401505,2196.060979,3,7.568960786,96.98275862,0.00122953,0.205123786,0.20109145,-2.81E-06,2484.596129,-146.97905,3.4919796,-6.192354,11B
Mahua Re - Singer Suman Gupta.mp3,2198.775781,822.1677887,359.3649792,4,5.758567452,122.2826087,0.01803319,0.198464749,0.30056036,3.83E-05,2443.477072,-113.00633,6.4811,1.3501705,7B
DHEKI DIBO NAJANILE.mp3,1821.692367,424.6375289,298.7889792,3,3.660363257,98.68421053,0.000709988,0.209272421,0.19779408,3.76E-06,1676.286932,-158.72768,2.462999,-7.3517876,2B
MAINA.mp3,2390.314421,738.807141,2638.116979,3,2.929726541,96.98275862,0.000101727,0.217221229,0.21539524,3.08E-05,2348.505867,-134.20177,0.74840105,-7.9959784,1B
MAINAaaa.mp3,2484.733419,876.5847243,2351.844979,4,6.810429692,144.2307692,9.33E-06,0.21828195,0.3488841,7.72E-05,2560.37792,-84.08492,6.3817825,9.714248,1B
Majoni Maghe Mare Gajoni.mp3,2181.79476,752.1913077,362.3169792,4,-1.280846298,90.72580645,0.008932406,0.198564819,0.1108889,-1.20E-06,2582.283456,-211.68578,-3.794071,-28.76901,2B
Meghali Sulir Bhajot.mp3,2511.16723,914.8591265,282.7329792,3,-1.17093645,108.1730769,0.030551,0.22670678,0.15641835,4.53E-05,2498.305429,-162.49753,-0.73391205,-18.974245,12B
MOI NOJONAKE.mp3,2380.312203,689.7664389,278.4609792,3,2.366535515,96.98275862,8.11E-05,0.209102952,0.17439337,1.81E-05,2371.114052,-156.25269,0.13344309,-15.092232,3B
moi tumak kuwa nai.mp3,2677.170759,795.8228741,350.8124943,3,4.192379117,93.96306818,0.000347516,0.205546944,0.31784526,-1.63E-05,2770.257302,-67.698364,6.085771,10.980025,12B
Mon Fagunor.mp3,2333.144091,875.7891642,315.5409792,3,1.511317343,106.1320755,0.000736013,0.210137586,0.17918743,-4.43E-05,2468.367597,-147.77321,1.9511757,-7.5484147,1B
morom morom buli janane nirlmali.mp3,2982.870495,873.0874559,351.3009792,4,2.55870074,83.95522388,0.00494642,0.255997409,0.25901324,-2.01E-05,2821.341681,-97.17215,1.9840796,-2.622257,12B
Moromjan oi morom lagi jai.mp3,2388.395812,992.0894955,342.7089792,3,1.170899197,100.4464286,0.006741395,0.187418814,0.16940145,4.50E-06,2780.636957,-160.82004,1.778945,-11.225053,9B
moromot matisu tumak jaanmoni.mp3,2334.804441,528.8128708,166.2609792,4,-0.20086091,86.53846154,0.000772178,0.237544997,0.29782438,2.02E-05,2487.158957,-92.18945,4.71305,6.714987,3B
NAJANU MUR KUN HOBO DOR.mp3,2436.016139,907.4696966,269.6049792,3,3.164718151,108.1730769,0.001474488,0.224135007,0.296085,-5.65E-06,2415.831487,-111.42705,2.3855653,1.826501,11B
Navabiba Tumi.mp3,2572.928283,887.2348024,231.9729792,3,0.769147053,102.2727273,0.000960133,0.206377499,0.17862448,1.21E-05,2845.642826,-149.40201,-0.0648784,-9.530794,5B
Navabu Bulileo Jaan oi.mp3,2198.684656,798.6551491,222.8769792,3,1.216270328,98.68421053,0.002419148,0.208984746,0.25184152,-5.27E-07,2585.926664,-131.42908,4.1743293,-0.42592975,8B
Nila Nila Dusokut.mp3,3082.078295,1251.648631,297.1329792,4,4.350437522,130.8139535,0.020082876,0.218832117,0.36326778,-3.90E-05,3438.847999,-70.836235,8.299369,13.15481,12B
O Bhoni Jayamai.mp3,2367.477348,690.3968625,269.8449792,3,3.934105635,114.7959184,4.82E-05,0.215101258,0.34755713,7.61E-05,2485.986831,-79.68495,7.8513083,13.01203,1B
O Sakuntala.mp3,2489.791244,897.987759,335.2449792,3,4.013334513,112.5,3.38E-06,0.210148403,0.27951366,5.68E-06,2648.982498,-110.16233,4.4604115,4.014409,12B
O Son Toradoi.mp3,2348.078464,681.3499436,401.6049792,3,10.77691078,114.7959184,8.96E-07,0.208153563,0.58788556,1.93E-05,2016.72892,-48.06383,7.0071983,20.771612,2B
O XEWALI PHULIBANE TUMI.mp3,2170.629875,616.0488497,364.4769792,4,1.506018639,96.98275862,0.014116782,0.212427035,0.21669173,8.43E-06,2519.33887,-141.97923,-0.07397225,-7.677438,1B
OI AHISE BOHAG.mp3,2266.15365,843.2120955,560.1729792,3,1.728867739,106.1320755,0.003565045,0.190604821,0.19645177,1.90E-05,2308.963606,-150.70699,-0.13287948,-12.37508,1B
Ou fuliya tumar hei dugalot.mp3,2625.454156,752.2628783,300.1089792,3,1.141908094,104.1666667,8.52E-05,0.207549242,0.26212415,6.64E-05,2805.058741,-91.54986,5.6677885,6.574766,1B
Pahar Bogai Bogai.mp3,2886.312302,978.1204154,294.0129792,3,4.461171627,106.1320755,0.022057535,0.232312634,0.25031072,7.26E-06,2760.00602,-109.49538,4.349013,-4.8692174,11B
PAHARORE DHUNIYA SUWALI JONI.mp3,1953.107751,831.1455362,292.7409792,3,-0.522152856,108.1730769,0.018942393,0.230979324,0.16294037,-2.47E-05,2229.734292,-186.09608,-1.1075374,-16.507742,11B
Pahoribo Pari Janu.mp3,2426.017802,1010.611113,319.0929792,4,1.540176719,82.72058824,0.000697275,0.237226994,0.23549527,9.57E-06,2678.400561,-132.21858,3.3023605,-3.4443312,2B
Pakhi Bhangi Soraijoni.mp3,2043.629736,847.2669917,274.5729792,3,0.469005108,96.98275862,0.004925269,0.206979462,0.16538426,-2.03E-05,2536.207005,-177.55977,0.92213863,-10.239716,1B
Pakhi Bhangi Soraijon.mp3,2091.586245,848.25193,278.1249792,3,4.750346541,96.98275862,5.83E-05,0.209947462,0.32917625,-1.54E-05,2555.148765,-105.87296,6.357764,12.946077,1B
PHOOL PHULISE.mp3,2345.90137,652.4228744,289.3809792,3,0.846309289,95.33898305,0.000124009,0.199246195,0.19428569,-0.000827987,2328.87093,-138.40013,2.4626932,-7.702276,2B
POSIMOR AKAKHAT.mp3,2642.178598,1200.463168,297.5409792,3,6.046423912,98.68421053,0.001245996,0.205333157,0.22992888,-1.61E-05,3056.49567,-143.83832,3.7733734,-6.5989857,7B
PRATIDIN.mp3,2549.388005,1170.976777,2598.876979,4,5.533365011,130.8139535,0.00058817,0.214873429,0.28446314,-4.20E-05,2958.922035,-115.16624,5.7791452,5.1388927,1B
RAMA CHANDRA NOHOW.mp3,2607.290352,761.7118989,553.1649792,3,0.758750364,95.33898305,0.003666218,0.195533356,0.13085634,5.09E-06,2561.811789,-170.65456,-2.954014,-22.662624,3B
Renu By NeeL Akas.mp3,2478.926686,875.1152798,355.3329792,4,4.119588733,86.53846154,0.010122924,0.216921855,0.27267554,-3.08E-07,2681.74113,-141.78922,3.1457467,-12.52248,4B
mui ki karo ela.mp3,2256.071891,1072.263471,332.9169792,4,2.256459594,122.2826087,0.053461835,0.205279058,0.17550541,6.09E-07,2397.462396,-172.81458,-3.5583467,-19.40137,7B
Nach Re Golapi.mp3,2528.407846,788.8862361,323.0049792,4,0.676307678,137.195122,0.005502557,0.231062559,0.21618685,-1.31E-05,2494.410453,-140.83546,0.94512343,-12.343012,5B
New Album.mp3,3808.260074,1880.609162,307.2609792,4,1.211473942,170.4545455,0.000187306,0.195088231,0.13834594,-4.17E-06,3917.687025,-167.42139,-3.2923684,-21.40553,10B
New Assamese Hit Song.mp3,1902.661476,671.3717472,266.1729792,4,1.446617991,125,4.05E-05,0.219385402,0.23030551,6.38E-06,2015.019548,-171.94582,-3.1671784,-9.25179,4B
New Bangla Bhawaiya Songs.mp3,2941.999122,1189.212451,271.1169792,3,4.694589376,117.1875,0.009103125,0.237069973,0.22561935,3.43E-06,2977.709651,-127.8653,-2.886199,-10.671132,8B
New Baul Song.mp3,2443.032436,1173.580075,344.2209792,4,-2.522864938,144.2307692,0.000587545,0.20226097,0.15058097,1.35E-06,2860.125215,-198.28188,-14.431173,-28.249615,1B
New Video Song.mp3,2292.593624,1153.338513,254.7489792,3,-0.183432642,108.1730769,0.000150377,0.153858926,0.14190976,5.24E-06,2617.995148,-202.6068,-2.1134207,-23.355577,10B
O Baidesi Pran Bandhu Re.mp3,2893.42772,935.5305512,387.2049792,4,2.851901054,165.4411765,6.73E-05,0.236819093,0.22126989,3.98E-06,2557.66383,-125.496544,-0.8461738,-14.024278,8B
O Boideshi Pran Bondhuare.mp3,3136.894683,975.5763949,380.6182086,4,-0.325611643,166.7086694,0.000582499,0.211832098,0.15277326,-9.88E-06,2856.770583,-145.82304,-3.4420605,-26.371668,8B
O Jiban Re.mp3,1296.78965,523.1408069,377.2209792,4,-2.913376987,156.25,0.012800816,0.259111854,0.17775775,1.44E-07,1835.030528,-214.42737,-4.749058,-4.901955,2B
O Jiwan re.mp3,2154.854692,1260.592842,310.4529792,4,-4.219323695,152.027027,0.04004503,0.240184557,0.04577971,-9.66E-08,2432.390639,-387.28424,-28.650965,-100.10288,1B
O Kanya Dhan.mp3,1885.811399,607.8467661,2214.516979,3,5.959920287,165.4411765,1.62E-05,0.19251732,0.19241874,-2.68E-06,1984.094124,-170.92944,0.001894449,-11.768808,8B
O Ki Gariyal Vai.mp3,1798.248408,1176.143042,375.8769792,4,-0.908128023,148.0263158,0.000133741,0.158346156,0.15035377,6.58E-06,1890.011115,-217.15169,-4.049624,-21.397854,7B
O Mor Bulbuli.mp3,1500.879757,423.7163502,261.6849792,3,-1.599269509,114.7959184,0.013934535,0.226842713,0.15444784,-1.08E-05,1392.535561,-217.68593,-6.273209,-18.740845,1B
O Mor Mahut Bandhu Re.mp3,1713.83481,489.6084119,357.8049792,4,-0.850696713,170.4545455,0.0014191,0.222211429,0.20610222,-3.36E-07,1771.370996,-177.24467,-2.8872824,-13.990859,12B
O Mor Mahut Bondhu Re.mp3,2119.795639,911.2048065,348.7329792,4,4.928530157,160.7142857,0.009420472,0.225183573,0.15683743,8.85E-06,2324.237505,-190.01605,-6.5776997,-19.2781,5B
O Mor Shuna Bandhure.mp3,1862.336378,605.7755145,316.4769792,3,-0.398243666,112.5,0.018843802,0.239241821,0.15557554,3.17E-07,1879.209361,-197.02446,-6.6540236,-20.88775,11B
O Mui Bujunu Bujunu.mp3,1609.647046,455.0257764,289.8849792,3,0.397181436,112.5,0.000308169,0.199328462,0.19104776,-8.56E-07,1769.992088,-202.17755,-5.8506236,-15.744373,7B
O Mur Bandhu Bujhena.mp3,2079.321982,544.6083115,292.3089792,3,2.491105944,117.1875,4.52E-05,0.23620645,0.30259344,5.46E-06,1990.465755,-131.41896,-2.027099,-3.548025,3B
Akula Kadamer Tale.mp3,2595.617695,461.5465779,308.6289792,3,1.060759723,170.4545455,0.000346279,0.226260881,0.17456666,4.09E-07,2800.460094,-141.2406,-7.583701,-14.732745,12B
O Re Jhalmali.mp3,2586.263419,1262.735839,325.8129792,4,-0.433936119,160.7142857,9.71E-06,0.216857003,0.18505105,1.88E-06,2816.329746,-173.22932,-3.0128627,-14.322945,10B
O Sham Kaliyara.mp3,1782.760559,653.7172663,207.9969792,4,-1.993225068,187.5,0.020315196,0.213525538,0.112972684,6.94E-07,1686.139842,-259.17703,-16.490074,-48.945,8B
Oki Garial Hakao Gari.mp3,2957.928382,898.7931469,277.2609792,3,3.240529597,93.75,0.000496563,0.196620348,0.15346472,-3.31E-06,2451.38424,-151.71149,-4.5443177,-25.446436,9B
Pagla holu ra.mp3,3231.766969,807.5876729,310.3089792,4,0.894140452,122.2826087,0.004011539,0.204974785,0.1691365,-4.23E-07,2853.443238,-132.1023,-2.2971232,-16.030838,11B
Paniya Moray.mp3,1752.3281,545.7352505,239.3889792,3,-1.099067628,110.2941177,0.000375344,0.210498321,0.17423858,-2.96E-06,1786.472525,-189.06392,-3.711095,-14.026278,8B
Parkoro Par.mp3,2078.883921,720.6310933,444.1569792,4,6.12487793,160.7142857,3.92E-05,0.225079748,0.32014206,-2.49E-06,2273.870615,-125.0067,-0.33689356,2.8052418,11B
PITOLER KOLOSH.mp3,2446.853051,1051.44167,267.3729792,3,4.69891727,104.1666667,0.007445009,0.208833598,0.25994483,7.14E-06,2812.894284,-126.2698,0.46276,0.7625261,5B
Pratima Barua Pandey.mp3,905.0209812,290.5793773,192.8500454,4,6.460025311,161.4990234,0.000507159,0.209169242,0.34845525,-0.000419298,865.9595328,-218.38264,-7.2789054,-4.994182,1B
AAJI AAULAILEN.mp3,1340.181577,617.7841618,200.5089792,4,1.603218615,160.7142857,0.000790463,0.252345635,0.14733545,7.14E-07,1026.045329,-257.2206,-9.292678,-26.585135,8B
Aj Kaler Chengra Gula Re.mp3,1621.469429,390.6402778,210.1329792,3,-2.808022499,114.7959184,9.51E-05,0.199888546,0.1453471,1.87E-06,1308.003072,-232.53705,-8.453254,-27.40738,6B
boitha maro  boitha maro.mp3,1131.685268,327.1109397,294.0745351,4,4.70806092,161.4990234,0.000425579,0.189086844,0.23219782,-0.000105966,1183.454881,-190.32811,-4.0853076,-4.8487434,11B
Ghur Ghur Urani.mp3,1670.289293,354.7707199,247.0802494,3,2.565346062,59.40193966,0.000146936,0.203056874,0.13100122,-0.000315568,2009.349314,-200.69089,-9.450252,-20.09598,1B
Pratima Pandey Barua.mp3,1831.990899,351.2558084,248.6737188,3,-0.374781974,178.205819,0.000140568,0.236650976,0.14183207,-3.37E-05,2031.865346,-182.86581,-6.976524,-14.848806,11B
O Moi Bujun Bujun.mp3,1596.826327,458.1978684,274.8609792,3,6.055556536,117.1875,8.59E-05,0.181854899,0.26838514,1.71E-06,1760.25645,-157.8241,-0.36376166,-2.9217403,12B
Aar Kato Din Aasibe.mp3,1555.265943,448.3808989,422.2929792,4,5.082510114,187.5,0.000156482,0.182047016,0.25088382,-3.12E-07,1702.59442,-173.46754,-0.4925742,-8.381347,12B
Pratima pandey.mp3,1990.53898,857.6283738,169.0449792,3,-2.807043195,170.4545455,0.02581962,0.21813691,0.11751419,-4.85E-07,2101.991757,-249.58328,-14.340391,-42.013313,7B
Pratima Pandey Song.mp3,1678.271409,551.1897011,202.0929792,3,-3.082135618,112.5,0.00155952,0.262627064,0.10662538,-1.05E-07,1782.729394,-233.57626,-9.465119,-27.948744,1B
Are Gailey Ki Aasiben Mor.mp3,1678.757673,682.9107936,233.3649792,4,-1.292588562,140.625,0.016233338,0.243213092,0.11372626,-3.02E-06,1678.463189,-256.94254,-13.358376,-37.616035,2B
Premer Jala _ Rahima Begam Kalita.mp3,1988.083177,757.8387114,276.1089792,3,1.272078604,110.2941177,0.000116781,0.248344615,0.2135208,-6.18E-06,2006.85176,-169.97829,-3.6923509,-12.703456,4B
Radhar Awaser Majhe Uraila Bhomra.mp3,1153.887771,503.1707951,160.3809792,3,-1.292588562,100.4464286,0.02364419,0.228010167,0.16961391,6.98E-07,862.4532316,-267.1018,-11.917797,-25.379135,6B
Rahima Begam Kalitar.mp3,1989.605011,755.9838428,276.0849792,3,1.59175396,112.5,5.25E-07,0.247437555,0.21393788,2.10E-06,2009.650953,-170.60745,-3.7016191,-12.6989565,4B
Rajbongshi Song.mp3,1582.304365,400.9162032,332.3169792,4,-2.567300498,144.2307692,0.000126326,0.218446169,0.09274018,-1.30E-07,1688.050431,-248.63416,-9.059614,-32.197166,10B
Rakhal Bandhu.mp3,2515.975799,1021.767383,2708.484979,3,-3.494772315,152.027027,0.000237411,0.211985078,0.08921262,1.30E-07,2079.752694,-255.27866,-16.86423,-56.565388,5B
Shyam Kala.mp3,1666.357063,450.8709091,466.2609792,3,2.762076259,160.7142857,0.022169316,0.246193145,0.1073501,-5.08E-07,1639.985256,-226.46759,-12.564342,-29.255774,1B
Shyam Kalia Re.mp3,1798.461327,620.07231,212.7489792,4,-0.156460293,187.5,0.014343017,0.22485779,0.13535202,2.86E-07,1891.943926,-238.74629,-12.309049,-37.0912,8B
Sitat Sindur Lagaya.mp3,1746.903587,515.1354115,243.7329792,3,0.896998495,110.2941177,0.000787813,0.214941732,0.1565735,-1.63E-05,2327.071022,-208.4706,-3.278737,-19.094458,5B
Sonar Boron Pakhi.mp3,2067.871044,480.141077,410.2449792,3,5.963436961,170.4545455,0.000138109,0.252377091,0.24995483,-1.91E-05,2148.30721,-142.32913,-7.5992575,-10.035432,1B
Sonar Boron.mp3,3135.004071,1449.806923,347.6529792,3,4.095818996,85.22727273,0.01406021,0.220100974,0.24223226,-9.53E-06,3047.757885,-117.596306,2.5760179,-1.7349261,8B
Ato Dine Palilam Moyna Lo.mp3,2155.287115,835.2151497,249.4449792,3,-1.245700419,90.72580645,0.000130779,0.153750259,0.17163908,9.00E-06,2344.375881,-172.49005,-2.7126367,-17.310003,8B
Sonar Chand Chand Re.mp3,2304.255756,586.5117426,372.0129792,4,-0.410889797,165.4411765,0.003489727,0.20819983,0.12097945,-3.12E-07,2016.958562,-213.36401,-13.548458,-40.76129,12B
Tomra Geile Ki.mp3,1271.541244,687.4146425,190.3569792,4,1.169337258,130.8139535,0.001206177,0.175482141,0.17374761,-6.57E-06,1739.51915,-225.65901,-6.025506,-16.125822,8B
Tomra Geyle ki Ashiben.mp3,1779.794883,632.4842469,225.0369792,4,-3.77943784,140.625,0.0050409,0.233569089,0.11060014,-6.68E-07,1947.594594,-247.44746,-13.213609,-36.092987,2B
Tor Bade Poran Kande.mp3,1722.727324,466.6513313,232.8609792,3,1.198519394,110.2941177,6.76E-05,0.180938774,0.10428501,1.60E-06,1822.793402,-235.81358,-12.441335,-31.520144,4B
Tumra Kaar Gharer.mp3,2383.722918,479.4685509,396.6849792,3,1.9346641,170.4545455,1.61E-05,0.261508875,0.21461804,1.91E-05,1811.305004,-149.81355,-9.006918,-18.422094,11B
Ujan Khailek.mp3,1624.933039,641.4003127,197.1729792,4,-1.292588562,133.9285714,0.01966779,0.23439975,0.11290409,7.27E-07,1665.422647,-266.00235,-15.938735,-40.325134,12B
Valo Koria Bajao.mp3,1424.879443,476.9906296,160.7169792,4,4.89464432,133.9285714,2.96E-06,0.214669236,0.27214965,4.56E-06,1775.273191,-163.93314,4.48385,4.657881,3B
Wrong Number.mp3,2732.150993,1225.149581,1164.252979,3,9.982026219,102.2727273,0.00306384,0.218093946,0.18316615,-2.36E-05,2570.845471,-185.26485,-5.465151,-30.67178,10B
Baanija Baanija Karen.mp3,1726.365932,780.7339144,173.5329792,4,-1.292588562,152.027027,0.022833155,0.240040273,0.120081864,2.15E-06,1809.645272,-264.9266,-14.395156,-42.014492,2B
Md. Bulbul Hussain.mp3,2073.872612,655.3771202,436.2609792,4,2.520328462,75,1.44E-06,0.226839566,0.1833984,-1.78E-06,1842.513769,-164.627,-6.0079026,-15.895856,8B
Ar Koto Dine Ashibe.mp3,2207.763022,1291.148964,400.1409792,4,1.217405275,80.35714286,0.000107266,0.202320551,0.18518168,3.04E-06,2493.117934,-186.9905,1.1143997,-6.0988874,9B
Goalparia New Lokogeet.mp3,2070.454356,830.4524825,368.0049792,4,-3.284419477,72.11538462,0.000189291,0.162948576,0.103416935,4.19E-07,2280.645242,-235.17284,-5.731565,-34.818638,4B
Ekbar Uttar Bangla.mp3,2624.958437,1273.80307,444.8049792,4,0.720659792,144.2307692,8.78E-06,0.208724729,0.1242343,5.29E-07,2665.258538,-210.00616,-10.274917,-32.889225,2B
O Jibon Re.mp3,2040.937379,411.1339557,358.3329792,3,-2.667942643,156.25,0.000327999,0.24629011,0.09098214,4.42E-07,1996.869708,-216.26428,-11.5977955,-32.71031,12B
New Goalparia Song.mp3,2426.578145,806.4026352,383.2209792,3,5.500561595,102.2727273,0.02006116,0.23687804,0.3456112,-3.90E-05,2467.96645,-98.92734,3.549987,2.8402789,7B
Dui Dinar Bhalo Basa.mp3,1464.705828,429.9438832,301.4149433,4,-0.592096783,184.5703125,0.000126585,0.19629082,0.12518448,1.34E-05,1407.188756,-224.35648,-6.995272,-27.321608,12B
Dheuli Mure Mai.mp3,1346.665014,357.0741409,178.4826984,3,0.294924211,191.40625,0.000218022,0.180063283,0.1300451,6.52E-05,1409.863135,-227.94093,-5.4253078,-25.012987,12B
Bangla Bhawaiya Gaan.mp3,2932.795369,1444.840226,339.0129792,4,-9.898447394,80.35714286,0.000973492,0.129273344,0.041290708,-4.90E-07,3405.7668,-301.14792,-12.364699,-60.03955,10B
O Phula Kadamer.mp3,1613.750686,875.8109019,462.1809792,3,5.925163031,82.72058824,0.048308358,0.239867909,0.27984464,-2.38E-05,2054.696179,-170.56613,1.1692197,-9.582296,6B
Babay Biya Dise Ken.mp3,1615.043268,494.4185911,330.1809792,4,3.020911813,148.0263158,0.001031803,0.224603964,0.29428002,3.55E-05,1722.765528,-163.91026,-3.605378,-4.121323,12B
GOALPARIA LOK GEET.mp3,1929.711852,573.9864092,332.1969792,4,-0.231574886,156.25,0.000113108,0.245824782,0.10600567,-8.19E-07,2029.542718,-215.79526,-14.648275,-31.613358,1B
Mon more khande ra.mp3,2804.338645,1031.555606,334.6929792,4,1.286176741,148.0263158,8.21E-05,0.239709947,0.15209001,8.44E-06,3139.164943,-166.10335,0.25688675,-16.439232,2B
Sona Bondhu.mp3,1976.185683,510.2029431,519.4929792,4,5.010315776,152.027027,9.34E-05,0.184693021,0.18548638,-1.63E-06,1972.16096,-188.86327,-11.576843,-27.833767,9B
Best of Pratima Pandey.mp3,2034.733802,726.944313,367.5249792,4,9.279370308,175.78125,0.000109478,0.196905001,0.21083298,-3.16E-06,2150.349566,-159.11118,-4.059549,-8.7926035,5B
Baby Bhuyan.mp3,2153.564015,894.7274114,175.2609792,4,-1.228711158,133.9285714,0.000683454,0.185691081,0.16535494,7.31E-07,2602.921666,-199.74207,-12.152699,-26.658587,11B
Bandhur Baarite.mp3,2451.385758,1086.874158,207.4449792,4,-2.410802245,152.027027,0.01621215,0.234734821,0.1398791,2.79E-06,2532.877253,-205.28804,-8.759137,-29.306385,1B
Bandhur Karane.mp3,1772.303536,594.9973731,293.2209792,3,1.484220773,187.5,0.004003082,0.216041016,0.21114261,2.61E-06,1880.549788,-179.7319,-2.5878012,-9.16404,2B
Baniz baniz kore.mp3,1109.01256,442.9139415,162.1809792,3,1.024176925,95.33898305,0.000796043,0.261168846,0.24951798,-1.17E-06,1472.809936,-229.31052,-5.280273,-6.4669933,2B
Baro Mase Tero Phool Phoole.mp3,2984.672221,991.763284,279.2049792,3,0.168134738,114.7959184,0.00060844,0.249506568,0.15883073,-6.03E-06,2639.695167,-147.0027,-0.82926285,-19.505703,8B
Bashi Bajai Kanai.mp3,2320.81885,650.2069012,171.9489792,3,0.102151819,102.2727273,0.000596052,0.240703384,0.18568175,1.70E-05,2299.108107,-148.85336,-2.4655058,-10.883108,6B
Bathane Na Jan.mp3,4587.514265,480.8569819,298.6689792,3,-7.354013324,175.78125,1.01E-05,0.265034624,0.025898222,9.94E-07,2253.570477,-362.0972,-30.251747,-141.82458,11B
Bela Duble Hoibe Andhakar.mp3,1466.305736,489.7472737,383.5089792,4,-0.930454656,76.01351351,8.39E-05,0.176626934,0.1686434,-1.87E-06,1476.861931,-214.94284,-5.5805774,-14.87799,7B
Gangadhorer Paare Paare.mp3,1921.258809,609.1472575,261.8529792,3,3.289154768,108.1730769,0.015746279,0.228640561,0.23896088,1.28E-05,2064.172765,-147.23131,1.5772127,-3.068005,3B
O Ki O Bandhu Kajal.mp3,1920.275622,1018.783245,289.6929792,4,2.391877621,170.4545455,0.014468324,0.225682468,0.23647499,3.41E-07,2269.510071,-170.95651,-2.9530187,-4.0995536,2B
Kalasite Nayi Pani Re.mp3,1454.369748,384.7102519,262.3809792,3,0.470699146,175.78125,1.13E-06,0.268614586,0.11609839,-5.96E-07,1575.018025,-246.34721,-13.3073435,-30.661463,11B
Bhaal Koria.mp3,1741.987612,726.5363522,211.8129792,3,1.180374175,114.7959184,0.001689575,0.221662748,0.31126866,-1.52E-07,2491.99,-146.33633,3.4991126,4.3884277,8B
Bhabo Nadi Mok Kay Koribe Par.mp3,2017.026379,681.3308031,492.5889792,4,3.581505418,148.0263158,0.000107536,0.204308673,0.19233836,-1.97E-07,1988.759942,-177.96114,-6.213321,-20.588057,8B
Bhaje Mon Aapana Aapani.mp3,2427.681587,665.7183846,323.5569792,3,-0.785371512,165.4411765,0.003776908,0.22388446,0.13688281,9.84E-07,2057.719633,-201.48256,-12.978996,-40.065475,4B
Bhanglen Piriti Moro Dukher Dine.mp3,2569.729813,1180.881218,321.2289792,4,1.199438423,160.7142857,0.00073534,0.192919069,0.14899968,5.55E-06,2801.437865,-189.32912,-6.6591763,-19.731554,8B
Bhawaiya Goalporiya.mp3,2189.012066,970.2276482,345.6849792,4,3.763630986,122.2826087,0.027989188,0.221708215,0.16847162,1.07E-06,2410.91722,-178.57576,-5.43806,-18.821674,5B
BONDHUR BAARITE.mp3,1953.31778,715.0803551,199.0410658,4,-2.725384831,151.9990809,0.001276394,0.221146663,0.09862172,2.49E-08,2169.309199,-246.19255,-14.286033,-41.870106,1B
Bhupen Hazarika Pratima Pandey BARO MAASE.mp3,1747.718487,944.7496553,202.7169792,3,-0.455867276,110.2941177,0.001478299,0.266101405,0.11126831,-7.55E-07,1663.581337,-230.28,-7.250854,-27.14512,5B
Boitha Maro Boitha maro.mp3,1125.315147,348.8424162,295.0410658,4,5.279905796,161.4990234,0.003401166,0.189124928,0.230709,-0.000104228,1176.516311,-194.19856,-4.297931,-5.9172215,11B
Bondhur Barite Tal Gache Dhule.mp3,1976.229294,818.1798849,381.2529792,4,1.31095767,148.0263158,5.24E-05,0.187688764,0.14711586,1.48E-06,2177.920153,-202.627,-4.0412755,-21.15396,3B
Borair barir.mp3,1729.168407,563.3224995,285.2973923,3,0.910311416,112.3471467,0.000316815,0.208294572,0.18968119,0.003038548,1917.382967,-185.1899,-5.8971467,-15.737223,8B
Chandrahar.mp3,2564.890955,938.1171541,296.1729792,3,2.497260571,82.72058824,0.000473688,0.211237142,0.26893058,1.73E-05,3015.716692,-134.98746,2.1065938,-6.065069,5B
Chengra Bandhu.mp3,2019.385668,580.6309584,423.9969792,3,-0.335586816,98.68421053,0.000436505,0.220897764,0.21004005,2.66E-06,1951.604083,-165.52252,-9.094925,-16.070942,11B
Chengra Bandhu Rashiya.mp3,2051.350405,1190.921432,210.6849792,4,0.288571361,125,0.000335503,0.154308347,0.2289448,-2.18E-05,2379.459041,-168.09796,4.0027404,-5.7523003,3B
Chengra Bondhu Rosia.mp3,3719.257136,1388.571899,466.5249792,3,-3.25022012,100.4464286,0.007105174,0.254951508,0.11337829,-3.12E-06,3588.333943,-178.22076,-10.676804,-27.646208,3B
Chhariya Na Jais Re.mp3,2503.587711,810.622887,267.0129792,4,-0.197809618,160.7142857,0.00794896,0.212572157,0.13039209,-1.78E-07,2174.900449,-203.28694,-11.126295,-39.60439,12B
Chhotu Elachi.mp3,2601.897502,434.2173035,365.7009792,3,0.98182328,175.78125,0.00010633,0.225619106,0.2300073,1.28E-05,2183.035304,-119.69381,-6.870767,-13.929469,11B
Dholo Molo Kolar Gaas.mp3,2174.611683,960.9455455,345.7569792,4,1.638745815,119.6808511,0.029079575,0.223124982,0.16812135,-2.11E-07,2392.792897,-178.53677,-5.4511743,-18.838905,5B
Dine Dine Khasiya Paribe.mp3,1969.848291,836.8208594,167.7729792,3,-1.292588562,170.4545455,0.023407182,0.229214222,0.113817304,-5.80E-06,1987.868257,-255.93039,-13.86435,-41.888847,7B
Dine Dine song Cover.mp3,2273.740926,2013.778457,186.9729792,3,1.449720562,110.2941177,0.000198865,0.16423712,0.21112351,-3.13E-07,2835.659555,-204.3224,2.221776,-13.346953,5B
Dudho Mitha Doiyo Mitha.mp3,2322.579602,1034.841489,271.9089792,3,-2.288505435,160.7142857,1.99E-05,0.273543196,0.16616978,-1.25E-05,2603.048373,-198.33679,-11.582191,-27.173044,7B
Ek Bar Hori Bolo Mon Rosona.mp3,1639.206488,609.4628519,221.3169792,4,2.233877629,160.7142857,0.000392337,0.200060058,0.10112001,3.29E-05,1890.671863,-236.07892,-10.402012,-30.689812,8B
GAJAMUKTA.mp3,1599.378359,566.6442571,310.3226984,3,-7.461181879,166.7086694,7.87E-05,0.221978606,0.065619156,3.90E-08,1085.319495,-319.4034,-13.486147,-54.15991,7B
Ganesh Hatir Mahut Re.mp3,2103.634317,791.1559989,137.9169792,4,-2.638683617,152.027027,0.000719602,0.191213662,0.15501079,-7.12E-06,2350.091647,-195.81563,-10.224393,-24.832485,7B
Gangadharer.mp3,1453.151622,477.8147591,289.3724943,3,3.642914593,112.3471467,0.000308963,0.202665473,0.25900432,0.002223787,1744.484282,-174.15262,-2.900947,-4.711982,12B
Geile Ki Achiben.mp3,1816.384141,1129.274718,203.0049792,4,-1.175939813,152.027027,0.005557582,0.274328756,0.1449777,-1.10E-06,1615.530497,-214.81516,-8.978122,-25.795597,8B
Ghur Ghur Ghurani Koytor.mp3,1987.955958,609.805026,113.5809792,4,-3.50916028,165.4411765,0.000377837,0.208479223,0.15733665,-9.37E-06,2434.912927,-198.37268,-9.897447,-23.98121,3B
Ghuriya Ashibe Kundin.mp3,1629.646145,858.0409138,314.5809792,4,-3.072421253,160.7142857,0.000462446,0.134563393,0.038580135,7.81E-08,1841.626596,-359.34125,-22.588282,-68.04637,9B
Goalini Goalini.mp3,2091.600363,510.4239334,322.6929792,3,2.656969428,95.33898305,0.00132598,0.205152141,0.22855516,8.09E-07,2012.847363,-127.83357,-1.4947021,-1.2855171,5B
Goalparia Gaan.mp3,3358.525087,1240.852628,320.2689792,4,1.003820673,160.7142857,0.000851207,0.208638889,0.13370968,-0.000159759,3387.966545,-177.59506,-7.9363937,-28.844051,2B
Goalparia Song.mp3,2812.320962,1152.116724,335.4524943,3,1.677641571,95.703125,9.65E-05,0.193959792,0.14248544,-0.000112688,2502.248665,-164.81606,-18.77983,-33.356396,9B
Goalparia Song Kamrenga.mp3,2880.909215,1138.879778,235.6929792,4,1.209340915,122.2826087,0.002193881,0.174604273,0.29213855,-1.67E-05,3740.074531,-108.62384,8.573284,10.394581,5B
Goalpariya lokogeet.mp3,1128.77282,332.2521324,172.9089792,4,-3.630095124,160.7142857,0.00056269,0.207096416,0.09151934,3.03E-07,951.5771047,-328.8172,-18.153662,-47.739468,5B
Goalporiya Lok Geet Aare Geile.mp3,2131.514962,511.4287157,198.2529792,4,-0.356256664,152.027027,0.004147316,0.259346998,0.15298802,-2.76E-06,1773.38136,-188.75749,-12.013563,-29.648758,8B
Goaparia Lokgeet.mp3,2600.235823,601.9623843,251.2449792,3,4.025655389,181.4516129,0.001826586,0.226813338,0.2762563,8.81E-07,2168.12884,-114.425766,-4.224115,-10.142967,2B
Godadharer Pare.mp3,2508.812036,419.3312134,310.7649792,3,1.094846129,100.4464286,0.000228584,0.227883369,0.1921175,1.28E-06,2717.171825,-130.87563,-6.8662777,-10.532458,12B
Golapir __ Hastir Kanya.mp3,2383.313851,329.3289015,249.4209792,3,1.024048105,114.7959184,0.000156658,0.219058444,0.17615515,1.75E-05,1903.695828,-149.6352,-9.408165,-21.903719,1B
Golden Memories.mp3,1653.119222,391.8386095,2569.596979,3,5.340796709,181.4516129,1.29E-05,0.243284645,0.19717073,-9.02E-07,1682.611694,-171.43999,-5.938741,-8.658807,11B
Gowalini Nitya.mp3,2650.802416,1004.974886,397.4410658,3,1.854928285,117.4538352,0.005460812,0.195773377,0.14610326,-0.000182192,2587.434493,-161.80342,-5.1464334,-24.554197,1B
Hastir Kanya.mp3,1727.101622,650.2995353,343.1889792,3,-2.660342753,165.4411765,0.002873543,0.248519676,0.09423829,1.09E-07,1822.732037,-238.91946,-12.03666,-31.229212,11B
Bhar Dupar Bela.mp3,1598.667838,393.2118093,399.6614739,3,0.385849178,172.265625,0.000110229,0.237929736,0.12126463,-0.015094629,1838.009116,-202.8845,-8.645446,-22.039755,4B
Hosti Noran Hosti Choran.mp3,2759.873964,1100.627038,272.4129792,4,1.008987501,152.027027,0.009357705,0.214232779,0.11586851,2.13E-06,2773.658565,-219.4282,-8.683755,-39.089893,10B
Moi Biya Karang Nai.mp3,1732.711503,649.9409218,247.3569792,3,4.401842952,110.2941177,0.003179063,0.227130471,0.20624903,4.17E-05,1850.152842,-186.65315,-4.5630264,-13.312813,5B
Moina Re Baani.mp3,2454.155974,483.892807,384.1089792,3,1.597678661,181.4516129,1.46E-05,0.25755283,0.18775846,1.19E-05,1879.604714,-159.89548,-9.463422,-22.10351,4B
Moisal Bandhu.mp3,2311.288992,783.2943038,2560.524979,3,1.399559379,112.5,2.26E-05,0.222979409,0.1536927,5.23E-07,2283.266473,-184.09004,-5.568695,-26.48344,3B
Monero Hause Pindilung Patani.mp3,1907.536202,538.8817855,537.1809792,4,0.497107767,152.027027,3.61E-05,0.195628444,0.20164074,2.96E-06,1872.281426,-169.78856,-7.0480294,-13.06981,11B
Mor Dile Mane Na.mp3,2054.659833,593.9200432,323.4609792,3,-3.024848104,112.5,6.53E-07,0.215128137,0.14998305,-4.10E-06,2044.629428,-201.1258,-3.1334145,-24.547436,10B
Mori He Mori He Mori He Shyam.mp3,1574.407152,690.1408544,243.0849792,4,-1.292588562,187.5,0.016386855,0.237241617,0.11311216,5.74E-08,1615.714209,-268.25055,-15.679304,-41.330723,12B
Mori he mori he.mp3,1807.810677,582.1904933,298.1649792,4,5.580974817,152.027027,0.000532633,0.267189607,0.4257471,-1.69E-07,2175.769838,-106.51257,-3.7440226,9.676658,2B
Rameshwar Pathak.mp3,1545.304875,394.0308902,416.1009792,3,-0.197612047,90.72580645,0.000192522,0.191570474,0.22490875,1.67E-07,2112.958528,-188.44545,-4.288225,-7.531692,10B
Haye Hari O.mp3,1634.806045,643.5770397,148.0209792,3,-2.534275651,104.1666667,1.26E-05,0.228975247,0.1811156,1.05E-07,2083.592451,-203.5132,-3.691972,-16.929432,11B
O Sada Shiv Aei.mp3,2553.940786,799.7231321,316.5969792,3,-0.412739851,112.5,0.00024645,0.152584892,0.18196598,-2.40E-05,3749.038415,-166.53772,0.6926188,-10.859672,8B
Meghe Korila Andhakar.mp3,1113.193433,337.4127022,273.0849792,3,-4.458118081,175.78125,0.000125991,0.229725792,0.105522,1.85E-06,1491.753616,-299.55243,-9.180493,-33.78398,4B
Ki Dibo Jadava.mp3,1884.999606,576.6866526,384.1089792,4,3.085210323,148.0263158,6.78E-05,0.235688339,0.32767695,2.89E-05,2177.891457,-114.85672,4.2676744,10.697258,4B
Mothura Jau.mp3,2020.672674,940.7269827,346.2609792,4,0.452049449,152.027027,0.042190455,0.157508942,0.19506286,-1.53E-06,2651.482397,-178.11423,-1.500109,-13.858408,3B
Aaji Nander Ghore.mp3,1734.804748,591.1795176,323.7969792,4,4.050238431,81.52173913,0.00246136,0.203671391,0.24892545,1.57E-06,2149.906242,-159.6395,-1.5837656,-3.0869231,9B
Aakhe Tola Aakhe Tola He.mp3,3232.641312,1706.276605,225.6849792,4,7.258251905,122.2826087,0.001044069,0.205117665,0.28400382,-5.44E-07,3693.384359,-128.652,-4.3075075,-0.70493066,10B
Aji shyaamkaanu.mp3,1777.360462,617.1581145,212.0529792,4,0.267290268,127.8409091,0.000183873,0.203381812,0.15098639,-3.04E-08,2490.704114,-228.98337,-18.35812,-29.4188,3B
uruli jukar.mp3,1474.667132,770.8206263,323.8689792,4,2.0851928,148.0263158,0.00041806,0.203863025,0.17934161,9.91E-08,2037.170301,-251.77084,-20.439684,-35.34626,11B
A nase nase.mp3,1744.494773,566.598145,253.8849792,4,1.150461584,140.625,0.003256525,0.234753811,0.15428968,6.37E-06,2057.76667,-208.72351,-4.056933,-18.976894,10B
kamrupia.mp3,2493.724606,1556.6379,402.2769792,4,3.708274066,140.625,0.001055336,0.177399374,0.21342225,5.89E-07,3204.84169,-189.36015,-12.159388,-17.906452,3B
A dehati eri.mp3,1512.689365,936.9341457,325.4769792,4,3.499420583,144.2307692,4.24E-05,0.217745773,0.19308591,4.56E-07,1704.361352,-236.73918,-15.206662,-29.124027,2B
Ehi Hori Naame lokogeet.mp3,3332.118059,1875.433137,279.6849792,4,0.666161701,152.027027,0.000825132,0.165857043,0.14449356,-1.72E-07,3849.75555,-185.61043,-5.4566827,-18.446098,9B
kamrupia lok.mp3,2149.314775,1128.197855,306.4929792,4,3.87863338,152.027027,0.002440126,0.1530968,0.2142226,5.60E-07,3036.904335,-204.55934,-12.72456,-20.10194,7B
o dale pori.mp3,1606.611288,830.4922141,218.7009792,4,4.748909473,152.027027,0.000331864,0.188342189,0.23745658,7.90E-06,2347.375454,-231.16113,-17.261843,-27.997183,4B
o prane bolayu.mp3,1366.858913,547.086578,289.4529792,3,3.528648019,95.33898305,4.73E-05,0.185471635,0.2293961,7.87E-07,2190.226818,-223.16753,-17.017927,-16.295408,2B
AAYA CHOL.mp3,3340.027919,1257.738803,356.0289792,3,1.539359838,83.95522388,0.008120579,0.185122193,0.22346264,-7.22E-06,3620.205477,-97.2723,1.9372188,0.9100106,6B
o raja bina duxe.mp3,1899.206643,964.0404124,257.8929792,4,-0.392595604,140.625,0.000237663,0.162351817,0.17787199,-1.01E-07,2895.219467,-233.92747,-15.922333,-24.160902,3B
o he tamul sur.mp3,3372.852951,2015.278359,289.5969792,3,8.299764395,96.98275862,0.001524848,0.141246647,0.39121047,1.26E-06,3767.229012,-81.02476,-0.0142706,15.873066,10B
ore ore.mp3,2438.485696,707.0258087,228.3729792,3,4.10510391,117.1875,0.016321205,0.221537506,0.19145033,1.11E-06,2308.348809,-163.25371,-5.6683664,-17.777159,3B
Karnata Kundala.mp3,2453.292108,1272.028252,188.2449792,3,1.001128554,81.52173913,0.010138578,0.193984852,0.2656862,-0.000142675,3068.468728,-138.32468,7.0056343,-2.2742126,4B
Biguti Na Mato.mp3,1104.895595,331.170921,210.7329792,3,-6.234336495,100.4464286,0.000120302,0.197635291,0.08782581,9.23E-08,1658.229967,-322.06693,-11.546452,-40.242973,3B
Kande Veer Abhimanyu.mp3,1563.961836,466.3070649,238.2609792,4,0.934302807,160.7142857,0.0001288,0.191500722,0.131793,2.91E-07,2094.575968,-229.21594,-4.68512,-23.053984,4B
Kamrupiaa.mp3,1089.149789,551.5821675,326.8929792,4,1.524257064,216.3461539,3.75E-05,0.22267606,0.2086911,1.35E-07,1407.488433,-218.66628,-7.787644,-11.26414,5B
kamrupiya lokogeet.mp3,1988.57296,784.2742588,280.7409792,3,4.966722429,117.1875,0.007002028,0.220476115,0.23432812,1.10E-05,2478.569601,-148.88223,-0.73507756,-2.6134057,4B
Basanta patgiri.mp3,1698.705074,475.7087922,287.9169792,3,4.090191126,106.1320755,0.007107043,0.268928427,0.24048534,7.98E-06,2270.284999,-158.9433,-2.6030703,-2.0730133,4B
By Basanta Patgiri.mp3,1481.811041,365.9213654,273.4929792,4,0.343903601,160.7142857,0.000105636,0.221419534,0.13479711,-3.06E-07,1240.564658,-231.74466,-8.535987,-23.76184,11B
Ki fool.mp3,1718.024847,936.0942879,239.8209792,4,2.673310041,130.8139535,2.32E-05,0.209077578,0.20693748,6.81E-08,2076.854006,-222.886,-15.094751,-27.800764,11B
Kinu di geli.mp3,1656.258276,937.0326541,246.1809792,4,4.739157259,152.027027,0.000423193,0.19256239,0.23599754,1.59E-06,2556.172014,-217.89674,-14.240541,-18.527994,4B
Kheti kori.mp3,2292.856838,890.2886105,292.5009792,4,0.477870889,86.53846154,0.000676092,0.179442146,0.14561315,-7.89E-08,3133.40142,-210.30217,-9.867185,-23.840708,3B
Khupar maloti.mp3,1773.418286,631.8400377,274.3329792,3,1.866454482,114.7959184,0.015304841,0.244487962,0.14043736,3.18E-06,2259.079285,-210.81665,-5.380692,-22.362059,3B
Gosore puli nijore buli.mp3,1356.550612,400.9690639,275.1489792,4,0.073475782,133.9285714,2.16E-05,0.204786904,0.16150542,-8.15E-07,1606.56739,-251.54878,-19.8628,-27.261847,8B
Jogotore nath.mp3,1347.353195,739.0677725,200.9409792,3,0.363988243,102.2727273,0.00035697,0.164855658,0.17796817,1.32E-07,2321.294736,-260.22577,-14.296466,-22.218622,3B
Jonom dukhi.mp3,3489.521271,1612.765475,314.5089792,4,-2.824147642,73.05194805,0.001885508,0.156948538,0.09560044,-1.46E-07,3848.504329,-200.33565,-6.336399,-28.291916,3B
Joy joy.mp3,2715.998859,809.7490143,354.5409792,4,6.8552351,152.027027,0.001162352,0.231153418,0.26463145,3.77E-05,2536.491048,-113.78941,-3.0455115,-4.998121,4B
Tur raw xuni.mp3,2036.448718,1235.0743,443.7729792,4,5.989083052,137.195122,0.001273712,0.181987595,0.21312138,8.58E-07,3028.368053,-220.3341,-12.969595,-22.462606,3B
Doyamoy.mp3,1437.548807,654.93396,304.0449792,4,0.200808663,144.2307692,0.002471119,0.156210554,0.14068064,-4.79E-07,1781.524672,-260.18616,-19.21941,-30.222187,11B
AEI GHUR KOLIR KAALE.mp3,1815.018832,568.2447939,314.9169792,3,2.184447497,95.33898305,0.00605466,0.190974438,0.2838708,6.44E-05,1922.612328,-140.67342,1.3386989,-0.67213994,9B
Doyamoyy.mp3,1915.433213,569.0505797,639.8769792,4,2.258854955,156.25,5.40E-05,0.225308273,0.2627694,1.21E-05,2333.61415,-154.48589,0.6877566,-3.450977,4B
Doyar xagor.mp3,2869.495956,1480.687568,432.9729792,4,7.035250664,148.0263158,0.02129166,0.209228097,0.28467193,-2.87E-05,3329.878243,-98.41961,-0.9515014,6.09669,12B
Duwar khulahe.mp3,1240.681668,473.6430421,228.8529792,4,-1.98010236,127.8409091,2.00E-05,0.224024285,0.13907197,-1.37E-07,1674.087931,-274.1956,-17.67376,-27.857607,3B
Papi kongxo.mp3,2523.578061,1533.269137,252.5649792,4,3.321157098,144.2307692,0.000631825,0.156497555,0.22494625,4.16E-07,3333.565631,-188.02371,-10.302146,-15.630661,3B
Banpanir.mp3,1398.675833,395.1732217,235.3809792,4,0.01413259,144.2307692,0.002105225,0.176650733,0.13802664,-4.17E-07,1802.477637,-247.52701,-14.091906,-21.37573,8B
Bewla bhele.mp3,1959.327923,863.0389012,61.42897917,4,0.072305249,137.195122,0.000773207,0.203652679,0.11353665,-5.45E-08,2726.332145,-254.51399,-16.319693,-35.197823,2B
Bhokot.mp3,1852.446691,637.9783517,337.1889792,3,6.977252364,175.78125,0.00047043,0.201904365,0.34303105,0.000327764,2557.21082,-116.315475,3.421661,11.316042,8B
Radhey Moke Diyori.mp3,1416.467871,406.310678,383.7969792,3,-2.081736922,95.33898305,0.000181238,0.165534127,0.10859849,1.37E-06,1797.364045,-255.80974,-10.123034,-28.236036,9B
Mur air pran.mp3,1675.094419,1142.793447,169.2129792,4,0.564655848,119.6808511,3.21E-05,0.264366691,0.16370007,-1.24E-06,1763.042805,-230.9018,-9.41795,-27.044298,6B
O mure Basadhan.mp3,1894.611571,704.4457451,568.0929792,4,2.343890369,156.25,2.46E-05,0.228468601,0.2354995,2.79E-05,2460.868862,-160.027,2.389002,-3.7068112,12B
Amar Bou Amar.mp3,2106.25696,717.028804,207.9729792,3,4.861958325,95.33898305,0.001572116,0.257784197,0.44204634,-7.11E-05,2005.723924,-85.41887,-0.66293645,10.557394,7B
Lau thake.mp3,1873.931784,950.2461842,81.03697917,4,0.032000234,148.0263158,0.000802632,0.197830282,0.12386187,2.22E-07,2381.122426,-255.26517,-15.576912,-38.69781,3B
Lokageet by Subhash nath.mp3,2465.397694,942.6042531,366.4689792,4,3.736121356,75,0.005697297,0.205794413,0.22955011,-0.000196162,3341.017606,-141.47664,2.3260996,1.3145418,3B
lokgeet by Rameswar.mp3,1774.965762,509.5747041,385.6689792,4,2.989729345,165.4411765,0.000457951,0.208163052,0.30676797,3.75E-06,1825.086883,-129.95836,-0.81733257,0.9985087,12B
Shyam koliya he.mp3,1455.197348,620.9247881,243.2769792,4,1.044798717,85.22727273,0.002628348,0.19390295,0.22686869,-4.76E-07,2269.632984,-215.8505,-10.256043,-12.708905,8B
Shri ram.mp3,1477.327875,535.482627,192.2769792,4,6.124526262,125,0.001090019,0.243466308,0.1599417,-1.09E-05,1802.447234,-226.39137,-16.068445,-24.564215,4B
Xopunat ahi.mp3,1843.846053,1084.278417,338.7009792,4,2.013567835,152.027027,5.19E-06,0.205857786,0.18592358,8.16E-07,2359.119052,-218.23154,-11.661349,-19.90861,2B
Her dubil tur.mp3,2018.474088,1257.103153,288.9729792,3,5.565206409,90.72580645,0.001096822,0.175824239,0.2288647,4.09E-07,2999.768456,-209.14177,-12.994044,-17.954231,3B
Assamese.mp3,2318.664479,957.5042994,361.2129792,3,3.66927892,114.7959184,0.006160906,0.208689709,0.30940503,-2.89E-05,2658.304918,-108.481384,6.430692,9.747735,3B
Assamese Kamrupi Lokgeet.mp3,2657.263613,1025.757628,358.4049792,3,3.326093554,83.95522388,0.013566876,0.22483839,0.22201435,-1.16E-05,2771.148775,-118.98245,1.8251036,-1.5889033,6B
Kanai Par Kora He.mp3,2959.180564,1719.450032,395.0049792,3,3.119848967,102.2727273,0.008909026,0.194464568,0.25999752,-8.05E-06,3264.178143,-127.75021,3.0479112,4.325297,8B
Jerenga Patharot.mp3,4170.116696,2134.085841,278.0529792,3,2.266462892,87.890625,0.008766246,0.230463795,0.20741378,-1.42E-06,4472.303055,-124.131935,1.4699731,0.101834826,4B
Tupuni.mp3,1495.366146,542.9751405,2471.892979,4,5.835281014,95.33898305,7.01E-05,0.200066104,0.31596613,1.11E-06,1967.767761,-162.70885,-2.8913803,1.30512,10B
Axomor kashi puri.mp3,2533.639608,1291.794944,351.3249792,3,6.872001886,80.35714286,0.02679091,0.194000869,0.33278918,-1.21E-05,3051.330121,-101.812706,4.545061,6.274416,5B
Bahagote Aahibi Chenai.mp3,2284.206293,755.8807197,260.2929792,4,0.659975931,160.7142857,0.012473688,0.218723247,0.19091417,1.41E-06,2577.750725,-169.31253,-0.71250707,-10.779183,5B
Baje Dambaru He Shiv Shankar.mp3,1889.732082,646.1275325,343.8129792,4,-0.799101368,130.8139535,0.000181674,0.179695397,0.12350834,-6.62E-06,2191.48505,-212.12076,-8.335168,-24.677914,7B
Banshi Rawe.mp3,2057.571681,937.5510346,313.8369792,4,2.210946232,152.027027,0.020745236,0.216783126,0.23618898,-1.46E-05,2622.80955,-160.98276,-0.7506513,-5.658587,3B
Barbariba jai menaka.mp3,1262.209505,656.9488456,190.4049792,3,-1.838619113,119.6808511,0.048545014,0.214284006,0.11560501,-3.63E-07,1605.892913,-261.73557,-6.6685233,-33.530205,4B
Barir Kumalia Laai.mp3,1948.764849,754.5863401,195.2529792,4,-2.82313168,187.5,0.006045147,0.223717769,0.11287198,-1.79E-07,2487.112186,-233.459,-9.673541,-33.45972,4B
Best kamrupi Lok Geet.mp3,1356.279598,563.6179759,241.5249792,4,-6.511616111,144.2307692,0.000249355,0.252492504,0.069005854,1.26E-07,1871.480159,-333.5495,-13.905256,-49.05239,3B
Best kamrupi Lokgeet.mp3,1733.758083,654.1463668,317.8449792,4,-1.477807015,82.72058824,0.000170349,0.15588881,0.1163441,-1.45E-06,2053.198474,-233.16873,-9.557224,-27.905111,9B
Birina Pathak.mp3,2651.525115,1064.193395,406.6689792,4,3.433510363,156.25,0.001666213,0.217637067,0.22002195,-1.35E-05,3252.832822,-142.20496,2.0786922,-2.9857006,11B
Daya Moi Daya Kara.mp3,1646.893762,421.6840331,300.1329792,3,-4.569177926,106.1320755,0.000384862,0.180157777,0.09767145,3.18E-07,1786.43323,-251.4069,-9.973839,-35.41283,10B
Doyamoi Tumar.mp3,2456.186822,1026.320258,402.9009792,3,4.162074625,83.95522388,0.002653244,0.229788444,0.28277448,-5.75E-06,2415.433851,-138.38605,-1.6257982,-9.069465,6B
Doyamoy Doya Kora.mp3,2185.651355,464.8259989,303.1569792,3,-1.608175486,106.1320755,3.15E-05,0.214506866,0.1742876,-1.66E-08,1630.252942,-194.56425,-22.220808,-40.959934,10B
Ei Dehati.mp3,1950.915606,1123.204994,176.6289792,3,-0.93817994,80.35714286,0.001937011,0.203110034,0.12396448,-4.12E-08,2763.408108,-256.49396,-12.458264,-37.23806,4B
GOUPINATH.mp3,2442.16165,900.6274758,384.3009792,3,4.076351225,87.890625,0.006440525,0.209416492,0.29159093,6.43E-07,2896.243386,-133.83003,1.7189462,0.96142286,5B
Guru Moke Doiya Nachariba.mp3,2342.805495,904.7710339,362.0451474,3,0.083413851,114.84375,0.005217793,0.236395139,0.22587442,-7.91E-05,2736.103766,-155.63283,-3.667531,-12.621184,11B
guru mur ooo.mp3,2829.741699,1234.242057,436.5729792,4,3.384038806,137.195122,0.002615868,0.21593708,0.29524848,1.54E-05,3340.864066,-104.946655,3.2645764,5.59642,1B
Hai Bidhi.mp3,1432.633271,380.0327469,423.9009792,4,3.680122197,85.22727273,0.003956349,0.209419057,0.31085372,6.23E-08,1631.527408,-162.86292,-1.9087352,-0.31905207,4B
Hanuman Xagor.mp3,2418.785252,891.4476066,274.0689792,3,0.993575603,110.2941177,0.000542143,0.162199555,0.25124702,4.32E-07,2794.55618,-129.53914,-0.06549924,-5.999855,9B
HARI KRISHNA.mp3,2332.28394,944.6589942,312.0849792,3,1.539463103,81.52173913,0.000458446,0.206936041,0.17790824,-2.11E-07,2798.076452,-177.54463,-2.9691918,-12.510361,10B
O Pokhi Roya Jaa Re.mp3,1664.054954,448.3126427,298.4289792,3,6.734254956,92.21311475,0.000291253,0.220299179,0.41840667,4.43E-06,1740.339908,-107.23476,3.6534824,13.535417,2B
Hits Of Rameshwar Pathak.mp3,1681.890424,515.2266052,399.3489792,4,0.119784353,148.0263158,0.000153972,0.18164868,0.2480239,4.75E-07,2112.888103,-163.88593,-3.6848903,-5.075563,10B
Jakhowa Janani.mp3,1696.863313,666.4723777,334.6929792,3,3.514592648,108.1730769,0.003050541,0.238082397,0.25778547,-2.92E-06,2022.6666,-165.97386,-3.2063262,-2.9455516,11B
Jale Na Jaiyo.mp3,2098.83619,934.7154375,307.6209792,3,-1.554996073,100.4464286,0.016548917,0.189685105,0.1253574,-4.75E-07,2363.344874,-222.27599,-2.4225748,-32.30219,8B
Jamunar Nila Jole.mp3,1884.614462,712.6000001,335.3889792,4,1.20993726,148.0263158,0.001554359,0.215991957,0.34229392,2.10E-05,2180.903423,-125.4212,0.22489072,3.8921852,10B
KALANKINI RADHA.mp3,1297.961697,687.0638137,450.1039229,4,1.31422475,135.9991776,0.015773522,0.241976903,0.1940674,-0.000265808,2265.814406,-225.22758,1.4860009,-13.948268,3B
Kamrupi lokgeet.mp3,1618.94416,368.7842764,314.1969792,4,-2.177609652,148.0263158,5.50E-05,0.2581446,0.15037815,-2.96E-07,1939.436478,-205.2209,-8.357914,-15.102883,4B
Kamrupi Lokogeet.mp3,2032.017523,712.8991458,342.9969792,4,1.037474796,87.890625,0.000346826,0.238359553,0.19826989,2.64E-08,2458.446625,-156.2852,1.3160828,-4.038369,12B
Kande Harini.mp3,1625.999759,615.3280722,385.1169792,4,3.013219833,170.4545455,9.67E-05,0.197198436,0.33867273,-4.23E-07,1949.357582,-151.27448,-1.1381335,-1.0132937,8B
KANDE OI.mp3,3292.520089,1114.909325,343.0929792,3,0.361183733,85.22727273,6.88E-05,0.220944815,0.14448325,1.46E-05,3555.746586,-168.37628,0.41728005,-12.370586,10B
KI DIBO JADABO RAI.mp3,2985.515303,1479.902307,391.4529792,4,2.772889733,148.0263158,0.003334458,0.217714328,0.2139777,9.65E-07,3349.895215,-152.44542,1.0801451,-9.966695,2B
Kinno Maya Jal.mp3,1369.366203,870.3074264,214.1169792,4,-1.491448879,160.7142857,0.00249854,0.207570088,0.11443837,4.79E-07,1574.273042,-261.3976,-9.829976,-29.510014,11B
Kiyanu Upajila Krishna He.mp3,1378.228801,375.9780391,224.0769792,3,-5.832241178,92.21311475,8.82E-06,0.198804954,0.07859905,1.10E-07,1743.889073,-301.2574,-12.096507,-41.265305,10B
Komola Shundori.mp3,2973.723225,1224.185322,299.0289792,3,-4.795324802,106.1320755,0.005382108,0.256014596,0.09713343,-9.88E-07,3063.419418,-217.16013,-12.900713,-39.02111,3B
KORE PORA AHI.mp3,1954.033411,1280.829762,364.2129792,4,7.605341673,140.625,0.012923691,0.229234939,0.2992774,-2.11E-05,2491.849969,-149.47264,-1.9514148,3.753934,12B
Kosur pator pani.mp3,1873.057264,984.7180605,400.4529792,4,0.792368576,75,0.00101031,0.184983916,0.17776375,1.55E-06,2266.136387,-195.22026,-4.247821,-16.398537,5B
Laijar Bhangilu.mp3,1541.574826,850.5144222,184.1169792,4,1.849437803,125,0.005725806,0.194763281,0.10210182,3.08E-07,1821.779973,-282.42435,-11.347103,-41.080326,2B
Maa Moi - Kanai.mp3,1651.103672,398.2780027,392.7729792,4,-4.042313993,165.4411765,4.30E-05,0.214213262,0.10667446,1.08E-05,2265.610238,-238.7281,-8.015585,-28.264565,6B
Manjari Kamrupiya.mp3,1428.258464,410.4153058,2376.396979,4,3.497985601,181.4516129,2.96E-05,0.194424222,0.23136862,0.000233859,1801.578313,-186.6358,-2.261336,-6.240398,9B
Moi Kene Najanu.mp3,2277.500694,989.8617621,293.5809792,3,-1.249200404,181.4516129,0.003607902,0.179756684,0.24837154,-4.40E-07,3075.515129,-143.08894,-1.2349027,-3.169407,3B
Monai O Ki Dhan.mp3,2158.219069,1209.518879,366.7809792,4,2.091334015,82.72058824,0.005357339,0.218091789,0.17354248,2.45E-06,2148.874218,-200.02766,-11.874267,-24.61461,2B
Mrityunjoy Choudhury.mp3,1983.256987,574.5406061,391.9569792,4,1.057355478,165.4411765,0.013981505,0.174384245,0.22149308,1.11E-06,2450.87673,-158.71973,-4.55412,-12.365621,12B
Nakanda Nakanda.mp3,2213.350668,963.238626,348.4929792,3,1.13302812,93.75,0.001026653,0.163838113,0.2644534,-6.55E-07,2648.042734,-144.30038,-3.1167145,-7.303996,5B
Namok nokoribi hela.mp3,2297.31965,914.2981263,330.5409792,3,3.748242259,85.22727273,0.001148664,0.170823157,0.32642147,-7.92E-06,3032.281953,-104.87686,6.554687,9.848255,6B
O Bapu Rosona.mp3,1620.382125,528.8866266,263.0289792,3,2.840211987,89.28571429,0.000462119,0.215565823,0.2819083,-1.24E-06,2073.247948,-151.28868,0.16354851,3.5929081,9B
O Ei Ghor Kolir Kalot.mp3,1841.98552,520.8134522,320.0289792,4,3.18048954,71.20253165,0.00397544,0.226013117,0.30978316,6.41E-06,1880.787431,-137.00937,-2.6786797,-3.7263794,3B
O He Jaxowa Mai.mp3,2188.653555,849.4744838,351.6369792,3,6.042410135,81.52173913,0.000991127,0.165103396,0.3405304,9.37E-06,2681.413741,-116.06697,-1.7294207,3.4370244,10B
O Hori ShreeGuru Sankar.mp3,1968.078384,681.3500533,448.0209792,3,2.413267344,79.22535211,0.001326584,0.225818361,0.25153753,-4.83E-07,2216.108544,-137.63216,2.0265896,0.6613728,8B
O Jibe Beula.mp3,2035.803925,535.421387,305.3889792,3,0.924903527,104.1666667,0.004630638,0.214366375,0.2678674,-5.45E-07,2514.940371,-124.6722,0.26344338,1.154126,4B
O Ki Mate.mp3,1507.04584,602.9507486,335.7009792,3,1.059786379,93.75,0.000161905,0.17293154,0.24697037,2.20E-07,1754.972318,-172.67384,-2.274212,-5.8935184,9B
O Ki O He.mp3,1482.179073,713.9697378,417.6369792,3,1.633550972,83.95522388,0.001836266,0.183749375,0.26515028,-2.92E-07,1982.967464,-183.09904,-3.4494343,-0.15120123,10B
O Mai Kene Biya Dila.mp3,1431.130075,570.1939643,242.0289792,4,-6.459724307,144.2307692,0.000919722,0.253059364,0.068960845,1.08E-07,2073.35352,-332.93887,-13.911001,-49.33561,3B
O Mai Moi Dhenu.mp3,1327.926647,464.3589224,215.2929792,4,-4.865070581,165.4411765,0.000923789,0.190197179,0.08177564,2.98E-07,1857.929809,-306.7898,-9.679621,-40.94951,11B
O PHULESWARI.mp3,3004.330919,1326.83317,315.3729792,4,0.977530405,78.125,0.000620476,0.147445414,0.16123931,-2.16E-05,3534.009877,-150.81737,0.81344,-11.155557,5B
O Pita Basudev.mp3,1441.049694,882.3146347,306.8049792,3,-1.738381237,89.28571429,0.00334166,0.209200816,0.21488255,3.60E-07,1891.462931,-212.68692,-7.233446,-14.174818,3B
O Sada.mp3,3363.593068,1480.996148,330.9729792,3,-0.631178841,108.1730769,0.001177243,0.12527321,0.13445112,1.46E-06,4128.312264,-183.00648,-3.4717088,-19.219738,10B
Pokhi Roya Ja Re.mp3,1451.162944,743.1115551,263.6049792,4,-1.062599644,93.75,0.000688056,0.235361577,0.23861027,-1.70E-06,1477.55963,-195.77528,-6.9644074,-13.557609,10B
Pran Krishna Oi.mp3,2436.804557,972.0505839,319.8609792,4,2.780894339,165.4411765,0.000410282,0.216201713,0.25678894,9.10E-07,2307.857736,-150.67627,-5.3044457,-15.722705,9B
Radhe Moke Diure Bida.mp3,2616.224496,843.499782,261.2289792,4,0.899418667,165.4411765,0.000402784,0.185745172,0.2834818,-3.37E-05,3457.30497,-107.6642,4.8609867,5.5997076,1B
Ram Naam Ki Madhur.mp3,1782.227998,638.696613,374.3409792,3,-1.751016229,89.28571429,0.000168132,0.176283454,0.18289344,1.95E-06,2194.374114,-200.58966,-4.383951,-18.213648,3B
Sakal Duniya Dukkha.mp3,1530.412007,912.5599935,215.0289792,4,-0.229467452,170.4545455,0.004271311,0.181636865,0.11581826,-3.67E-07,2614.89111,-280.22437,-10.983504,-34.801086,3B
Sankare Bole Bani.mp3,1710.082716,454.265103,385.5729792,4,2.493717223,165.4411765,0.000126334,0.202646133,0.24852516,1.41E-06,1714.578785,-154.2541,-2.8118043,-6.5029626,12B
Srigur Hankar.mp3,1883.617876,695.9476743,450.3249792,3,2.601399422,79.22535211,8.32E-05,0.208781297,0.22988029,2.40E-05,2109.31593,-152.76802,1.2147565,-2.547331,8B
Tumi Prabhu.mp3,1918.011573,784.8451295,195.4929792,4,1.107863113,170.4545455,0.02755912,0.205210234,0.30782107,3.54E-06,2716.790297,-140.43399,1.1521348,4.7145324,4B
Xonor Baahi Nalaage.mp3,2764.776646,1096.021658,482.0049792,4,1.864391267,144.2307692,0.001421796,0.22391385,0.20602357,-4.16E-05,3103.184974,-158.19832,0.6592379,-9.728788,3B
Xuna Xuna Bandhu.mp3,1391.020975,411.5625163,413.0289792,3,2.83066988,104.1666667,0.004094311,0.202594901,0.2839539,-2.19E-07,1837.939539,-174.70755,-3.571205,0.524738,6B
PRANITA BAISHYA MEDHI.mp3,2290.532257,1059.637235,1594.092979,4,4.913199246,127.8409091,0.006472369,0.211459467,0.30251607,2.44E-05,2437.764317,-123.14026,1.696887,1.7896478,5B
Zubeen Garg Famous Song.mp3,2828.573062,881.6048031,356.5569792,4,6.249093413,160.7142857,0.005687004,0.245929034,0.32286873,-3.55E-06,2947.003118,-91.89586,3.474936,5.9871035,9B
O Aar Najao Jamunar Jale.mp3,1829.783392,564.7553972,246.8769792,3,4.062948525,112.5,0.001906503,0.235289209,0.2512896,2.87E-05,2456.478303,-153.32672,-0.7884793,-2.0779867,5B
assamese lokageet.mp3,1820.043533,670.3141207,1149.684979,4,4.510069788,144.2307692,0.002718364,0.205637673,0.2477157,1.46E-06,2178.490734,-164.50525,-4.079752,-7.400726,11B
